{"cameraMode":{"drawMode":0,"name":"Shaded","section":"Shading Mode"},"sceneLighting":true,"audioPlay":false,"sceneViewState":{"showFog":false,"showMaterialUpdate":false,"showSkybox":false,"showFlares":false,"showImageEffects":false,"showParticleSystems":true},"in2DMode":false,"pivot":{"x":2.6900739669799806,"y":-17.18064308166504,"z":103.43311309814453},"rotation":{"x":-0.11702805012464524,"y":-0.017287032678723336,"z":0.00203812588006258,"w":-0.9929760694503784},"size":128.49319458007813,"orthographic":false}