{"cameraMode":{"drawMode":0,"name":"Shaded","section":"Shading Mode"},"sceneLighting":true,"audioPlay":false,"sceneViewState":{"showFog":false,"showMaterialUpdate":false,"showSkybox":false,"showFlares":false,"showImageEffects":false,"showParticleSystems":true},"in2DMode":false,"pivot":{"x":62.10683822631836,"y":17.125396728515626,"z":89.57708740234375},"rotation":{"x":-0.01127325277775526,"y":0.3426813781261444,"z":0.0041124410927295689,"w":0.939375102519989},"size":147.5386962890625,"orthographic":false}