{"cameraMode":{"drawMode":0,"name":"Shaded","section":"Shading Mode"},"sceneLighting":true,"audioPlay":false,"sceneViewState":{"showFog":false,"showMaterialUpdate":false,"showSkybox":false,"showFlares":false,"showImageEffects":false,"showParticleSystems":true},"in2DMode":false,"pivot":{"x":17.043428421020509,"y":-18.05988311767578,"z":27.3719482421875},"rotation":{"x":-0.3416908085346222,"y":-0.18246406316757203,"z":0.0678102970123291,"w":-0.9194324612617493},"size":81.88157653808594,"orthographic":false}