{"cameraMode":{"drawMode":0,"name":"Shaded","section":"Shading Mode"},"sceneLighting":true,"audioPlay":false,"sceneViewState":{"showFog":false,"showMaterialUpdate":false,"showSkybox":false,"showFlares":false,"showImageEffects":false,"showParticleSystems":true},"in2DMode":false,"pivot":{"x":13.865531921386719,"y":-8.398185729980469,"z":120.70082092285156},"rotation":{"x":0.031386859714984897,"y":0.08266108483076096,"z":-0.002604670124128461,"w":0.9960799217224121},"size":153.86572265625,"orthographic":false}